{
  "accuracy": 0.9975,
  "precision": 1,
  "recall": 0.990990990990991,
  "f1Score": 0.9954751131221719,
  "confusionMatrix": {
    "tp": 110,
    "fp": 0,
    "tn": 289,
    "fn": 1
  },
  "roc": {
    "fpr": [
      0,
      0,
      0,
      0,
      0,
      0,
      0,
      0,
      0,
      0,
      0,
      0,
      0,
      0,
      0.0034602076124567475,
      0.031141868512110725,
      0.058823529411764705,
      0.08650519031141868,
      0.11418685121107267,
      0.14186851211072665,
      0.1695501730103806,
      0.1972318339100346,
      0.22491349480968859,
      0.25259515570934254,
      0.28027681660899656,
      0.3079584775086505,
      0.3356401384083045,
      0.3633217993079585,
      0.39100346020761245,
      0.4186851211072664,
      0.4463667820069204,
      0.4740484429065744,
      0.5017301038062284,
      0.5294117647058824,
      0.5570934256055363,
      0.5847750865051903,
      0.6124567474048442,
      0.6401384083044983,
      0.6678200692041523,
      0.6955017301038062,
      0.7231833910034602,
      0.7508650519031141,
      0.7785467128027682,
      0.8062283737024222,
      0.8339100346020761,
      0.8615916955017301,
      0.889273356401384,
      0.916955017301038,
      0.9446366782006921,
      0.972318339100346,
      1,
      1
    ],
    "tpr": [
      0,
      0.07207207207207207,
      0.14414414414414414,
      0.21621621621621623,
      0.2882882882882883,
      0.36036036036036034,
      0.43243243243243246,
      0.5045045045045045,
      0.5765765765765766,
      0.6486486486486487,
      0.7207207207207207,
      0.7927927927927928,
      0.8648648648648649,
      0.9369369369369369,
      1,
      1,
      1,
      1,
      1,
      1,
      1,
      1,
      1,
      1,
      1,
      1,
      1,
      1,
      1,
      1,
      1,
      1,
      1,
      1,
      1,
      1,
      1,
      1,
      1,
      1,
      1,
      1,
      1,
      1,
      1,
      1,
      1,
      1,
      1,
      1,
      1,
      1
    ],
    "auc": 1
  },
  "classReport": {
    "clean": {
      "precision": 0.996551724137931,
      "recall": 1,
      "f1": 0.9982728842832469,
      "support": 289
    },
    "fraud": {
      "precision": 1,
      "recall": 0.990990990990991,
      "f1": 0.9954751131221719,
      "support": 111
    }
  },
  "featureImportances": [
    {
      "name": "winning_discount",
      "importance": 0.3378
    },
    {
      "name": "max_min_bid_ratio",
      "importance": 0.127
    },
    {
      "name": "pan_sharing_ratio",
      "importance": 0.1055
    },
    {
      "name": "avg_time_gap_hrs",
      "importance": 0.0948
    },
    {
      "name": "bid_range_ratio",
      "importance": 0.0628
    },
    {
      "name": "avg_bid_estimate_ratio",
      "importance": 0.0627
    },
    {
      "name": "min_time_gap_hrs",
      "importance": 0.0422
    },
    {
      "name": "normalized_std",
      "importance": 0.0388
    },
    {
      "name": "coefficient_of_variation",
      "importance": 0.0307
    },
    {
      "name": "repeat_winner_ratio",
      "importance": 0.0287
    },
    {
      "name": "log_estimate_value",
      "importance": 0.0242
    },
    {
      "name": "timing_cluster",
      "importance": 0.0208
    },
    {
      "name": "few_bidders",
      "importance": 0.0142
    },
    {
      "name": "benford_deviation",
      "importance": 0.0099
    }
  ],
  "modelInfo": {
    "algorithm": "Random Forest",
    "numTrees": 100,
    "maxDepth": 10,
    "numFeatures": 4,
    "trainingSize": 1600,
    "oobScore": 0.999375,
    "trainedAt": "2026-03-27T21:49:26.454Z",
    "datasetInfo": {
      "totalSamples": 2000,
      "trainSamples": 1600,
      "testSamples": 400,
      "fraudRatio": "27.2%",
      "featureCount": 14,
      "features": [
        "coefficient_of_variation",
        "avg_bid_estimate_ratio",
        "winning_discount",
        "bid_range_ratio",
        "benford_deviation",
        "avg_time_gap_hrs",
        "min_time_gap_hrs",
        "timing_cluster",
        "pan_sharing_ratio",
        "repeat_winner_ratio",
        "few_bidders",
        "log_estimate_value",
        "normalized_std",
        "max_min_bid_ratio"
      ]
    }
  }
}